{"cameraMode":{"drawMode":0,"name":"Shaded","section":"Shading Mode"},"sceneLighting":true,"audioPlay":false,"sceneViewState":{"showFog":true,"showMaterialUpdate":false,"showSkybox":true,"showFlares":true,"showImageEffects":true,"showParticleSystems":true},"in2DMode":false,"pivot":{"x":-1.9581111669540406,"y":-1.6935999393463135,"z":62.84635925292969},"rotation":{"x":0.32763373851776125,"y":0.006331831682473421,"z":-0.002151432679966092,"w":0.9448064565658569},"size":2.86615252494812,"orthographic":false}