{"cameraMode":{"drawMode":0,"name":"Shaded","section":"Shading Mode"},"sceneLighting":false,"audioPlay":false,"sceneViewState":{"showFog":true,"showMaterialUpdate":false,"showSkybox":false,"showFlares":true,"showImageEffects":true,"showParticleSystems":true},"in2DMode":false,"pivot":{"x":-7.950074672698975,"y":9.325348854064942,"z":-1.3270950317382813},"rotation":{"x":-0.12289179861545563,"y":-0.8475890755653381,"z":0.22394335269927979,"w":-0.46512630581855776},"size":15.60472583770752,"orthographic":false}