{"cameraMode":{"drawMode":0,"name":"Shaded","section":"Shading Mode"},"sceneLighting":true,"audioPlay":false,"sceneViewState":{"showFog":true,"showMaterialUpdate":false,"showSkybox":true,"showFlares":true,"showImageEffects":true,"showParticleSystems":true},"in2DMode":false,"pivot":{"x":0.3035106360912323,"y":1.052220344543457,"z":1.9735273122787476},"rotation":{"x":-0.06920693814754486,"y":-0.8743201494216919,"z":0.4622320532798767,"w":-0.13106901943683625},"size":7.001993179321289,"orthographic":false}