{"cameraMode":{"drawMode":0,"name":"Shaded","section":"Shading Mode"},"sceneLighting":true,"audioPlay":false,"sceneViewState":{"showFog":true,"showMaterialUpdate":false,"showSkybox":true,"showFlares":true,"showImageEffects":true,"showParticleSystems":true},"in2DMode":false,"pivot":{"x":3.667522430419922,"y":-3.3826773166656496,"z":102.36421203613281},"rotation":{"x":-0.015796367079019548,"y":-0.013593719340860844,"z":0.0001828260428737849,"w":-0.9998108744621277},"size":31.306215286254884,"orthographic":false}