{"cameraMode":{"drawMode":0,"name":"Shaded","section":"Shading Mode"},"sceneLighting":true,"audioPlay":false,"sceneViewState":{"showFog":true,"showMaterialUpdate":false,"showSkybox":true,"showFlares":true,"showImageEffects":true,"showParticleSystems":true},"in2DMode":false,"pivot":{"x":0.5980193614959717,"y":-1.6395587921142579,"z":4.737030029296875},"rotation":{"x":-0.34039434790611269,"y":-0.043997328728437427,"z":0.01595279946923256,"w":-0.9391645193099976},"size":24.69676971435547,"orthographic":false}