{"cameraMode":{"drawMode":0,"name":"Shaded","section":"Shading Mode"},"sceneLighting":true,"audioPlay":false,"sceneViewState":{"showFog":true,"showMaterialUpdate":false,"showSkybox":true,"showFlares":true,"showImageEffects":true,"showParticleSystems":true},"in2DMode":false,"pivot":{"x":1.7325637340545655,"y":8.427026748657227,"z":157.92430114746095},"rotation":{"x":0.04317570850253105,"y":-0.011391359381377697,"z":-0.0005054146167822182,"w":-0.9990273714065552},"size":44.524681091308597,"orthographic":false}